UF_RES,UF_MOV,HOSPITALIZACOES,RES_LAT,RES_LON,MOV_LAT,MOV_LON
Acre,Amapá,1,-9.209710893485735,-70.47578331421067,1.446579361967846,-51.96205349152536
Acre,Amazonas,1,-9.209710893485735,-70.47578331421067,-4.140190123349732,-64.6516494903481
Acre,Goiás,1,-9.209710893485735,-70.47578331421067,-16.021068269554988,-49.61616789197541
Acre,Mato Grosso,2,-9.209710893485735,-70.47578331421067,-12.916186132060574,-55.9149517572351
Acre,Minas Gerais,2,-9.209710893485735,-70.47578331421067,-18.42237047816257,-44.668033901736656
Acre,Paraíba,1,-9.209710893485735,-70.47578331421067,-7.12044513673908,-36.83247370477853
Acre,Pernambuco,20,-9.209710893485735,-70.47578331421067,-8.324409775914233,-37.99762312297779
Acre,Rondônia,22,-9.209710893485735,-70.47578331421067,-10.90442312825415,-62.84474092395724
Acre,Santa Catarina,4,-9.209710893485735,-70.47578331421067,-27.240610757469174,-50.47740300071737
Acre,São Paulo,12,-9.209710893485735,-70.47578331421067,-22.250052902639116,-48.734659900719734
Alagoas,Bahia,3,-9.513145847398288,-36.62481420015896,-12.45234511713527,-41.72176450233577
Alagoas,Ceará,1,-9.513145847398288,-36.62481420015896,-5.089815983830066,-39.61608178595244
Alagoas,Goiás,3,-9.513145847398288,-36.62481420015896,-16.021068269554988,-49.61616789197541
Alagoas,Maranhão,3,-9.513145847398288,-36.62481420015896,-5.063473525889801,-45.286406362550146
Alagoas,Mato Grosso,3,-9.513145847398288,-36.62481420015896,-12.916186132060574,-55.9149517572351
Alagoas,Mato Grosso do Sul,3,-9.513145847398288,-36.62481420015896,-20.304769734215245,-54.84700428372272
Alagoas,Minas Gerais,8,-9.513145847398288,-36.62481420015896,-18.42237047816257,-44.668033901736656
Alagoas,Paraíba,3,-9.513145847398288,-36.62481420015896,-7.12044513673908,-36.83247370477853
Alagoas,Pará,1,-9.513145847398288,-36.62481420015896,-3.96360452999938,-53.07098190581554
Alagoas,Pernambuco,261,-9.513145847398288,-36.62481420015896,-8.324409775914233,-37.99762312297779
Alagoas,Rio Grande do Norte,2,-9.513145847398288,-36.62481420015896,-5.839255494364668,-36.67326985918983
Alagoas,Rio Grande do Sul,1,-9.513145847398288,-36.62481420015896,-29.678839629718627,-53.320051841053065
Alagoas,Rio de Janeiro,1,-9.513145847398288,-36.62481420015896,-22.1927501263549,-42.66029361738904
Alagoas,Santa Catarina,1,-9.513145847398288,-36.62481420015896,-27.240610757469174,-50.47740300071737
Alagoas,Sergipe,19,-9.513145847398288,-36.62481420015896,-10.582666889769746,-37.44371522874432
Alagoas,São Paulo,29,-9.513145847398288,-36.62481420015896,-22.250052902639116,-48.734659900719734
Amapá,Acre,1,1.446579361967846,-51.96205349152536,-9.209710893485735,-70.47578331421067
Amapá,Amazonas,5,1.446579361967846,-51.96205349152536,-4.140190123349732,-64.6516494903481
Amapá,Bahia,1,1.446579361967846,-51.96205349152536,-12.45234511713527,-41.72176450233577
Amapá,Ceará,3,1.446579361967846,-51.96205349152536,-5.089815983830066,-39.61608178595244
Amapá,Distrito Federal,1,1.446579361967846,-51.96205349152536,-15.780989331973725,-47.79684222599829
Amapá,Minas Gerais,2,1.446579361967846,-51.96205349152536,-18.42237047816257,-44.668033901736656
Amapá,Paraná,2,1.446579361967846,-51.96205349152536,-24.624367999451334,-51.617875384343
Amapá,Pará,7,1.446579361967846,-51.96205349152536,-3.96360452999938,-53.07098190581554
Amapá,Pernambuco,13,1.446579361967846,-51.96205349152536,-8.324409775914233,-37.99762312297779
Amapá,Rio Grande do Norte,2,1.446579361967846,-51.96205349152536,-5.839255494364668,-36.67326985918983
Amapá,Rio de Janeiro,1,1.446579361967846,-51.96205349152536,-22.1927501263549,-42.66029361738904
Amapá,Rondônia,1,1.446579361967846,-51.96205349152536,-10.90442312825415,-62.84474092395724
Amapá,Santa Catarina,2,1.446579361967846,-51.96205349152536,-27.240610757469174,-50.47740300071737
Amapá,São Paulo,8,1.446579361967846,-51.96205349152536,-22.250052902639116,-48.734659900719734
Amazonas,Acre,93,-4.140190123349732,-64.6516494903481,-9.209710893485735,-70.47578331421067
Amazonas,Bahia,3,-4.140190123349732,-64.6516494903481,-12.45234511713527,-41.72176450233577
Amazonas,Ceará,11,-4.140190123349732,-64.6516494903481,-5.089815983830066,-39.61608178595244
Amazonas,Maranhão,1,-4.140190123349732,-64.6516494903481,-5.063473525889801,-45.286406362550146
Amazonas,Mato Grosso,2,-4.140190123349732,-64.6516494903481,-12.916186132060574,-55.9149517572351
Amazonas,Mato Grosso do Sul,4,-4.140190123349732,-64.6516494903481,-20.304769734215245,-54.84700428372272
Amazonas,Minas Gerais,4,-4.140190123349732,-64.6516494903481,-18.42237047816257,-44.668033901736656
Amazonas,Paraná,7,-4.140190123349732,-64.6516494903481,-24.624367999451334,-51.617875384343
Amazonas,Pará,16,-4.140190123349732,-64.6516494903481,-3.96360452999938,-53.07098190581554
Amazonas,Pernambuco,6,-4.140190123349732,-64.6516494903481,-8.324409775914233,-37.99762312297779
Amazonas,Rio Grande do Sul,3,-4.140190123349732,-64.6516494903481,-29.678839629718627,-53.320051841053065
Amazonas,Rio de Janeiro,1,-4.140190123349732,-64.6516494903481,-22.1927501263549,-42.66029361738904
Amazonas,Rondônia,89,-4.140190123349732,-64.6516494903481,-10.90442312825415,-62.84474092395724
Amazonas,Roraima,23,-4.140190123349732,-64.6516494903481,2.0807402503971426,-61.39173494334764
Amazonas,Santa Catarina,2,-4.140190123349732,-64.6516494903481,-27.240610757469174,-50.47740300071737
Amazonas,São Paulo,47,-4.140190123349732,-64.6516494903481,-22.250052902639116,-48.734659900719734
Amazonas,Tocantins,1,-4.140190123349732,-64.6516494903481,-10.131696777104315,-48.330725819425574
Bahia,Alagoas,6,-12.45234511713527,-41.72176450233577,-9.513145847398288,-36.62481420015896
Bahia,Amapá,1,-12.45234511713527,-41.72176450233577,1.446579361967846,-51.96205349152536
Bahia,Amazonas,1,-12.45234511713527,-41.72176450233577,-4.140190123349732,-64.6516494903481
Bahia,Ceará,9,-12.45234511713527,-41.72176450233577,-5.089815983830066,-39.61608178595244
Bahia,Distrito Federal,9,-12.45234511713527,-41.72176450233577,-15.780989331973725,-47.79684222599829
Bahia,Espírito Santo,35,-12.45234511713527,-41.72176450233577,-19.56783026436436,-40.66688741798281
Bahia,Goiás,16,-12.45234511713527,-41.72176450233577,-16.021068269554988,-49.61616789197541
Bahia,Maranhão,1,-12.45234511713527,-41.72176450233577,-5.063473525889801,-45.286406362550146
Bahia,Mato Grosso,6,-12.45234511713527,-41.72176450233577,-12.916186132060574,-55.9149517572351
Bahia,Mato Grosso do Sul,1,-12.45234511713527,-41.72176450233577,-20.304769734215245,-54.84700428372272
Bahia,Minas Gerais,69,-12.45234511713527,-41.72176450233577,-18.42237047816257,-44.668033901736656
Bahia,Paraná,27,-12.45234511713527,-41.72176450233577,-24.624367999451334,-51.617875384343
Bahia,Paraíba,5,-12.45234511713527,-41.72176450233577,-7.12044513673908,-36.83247370477853
Bahia,Pará,3,-12.45234511713527,-41.72176450233577,-3.96360452999938,-53.07098190581554
Bahia,Pernambuco,230,-12.45234511713527,-41.72176450233577,-8.324409775914233,-37.99762312297779
Bahia,Piauí,9,-12.45234511713527,-41.72176450233577,-7.378677773863817,-42.96696522142286
Bahia,Rio Grande do Norte,1,-12.45234511713527,-41.72176450233577,-5.839255494364668,-36.67326985918983
Bahia,Rio Grande do Sul,3,-12.45234511713527,-41.72176450233577,-29.678839629718627,-53.320051841053065
Bahia,Rio de Janeiro,5,-12.45234511713527,-41.72176450233577,-22.1927501263549,-42.66029361738904
Bahia,Santa Catarina,2,-12.45234511713527,-41.72176450233577,-27.240610757469174,-50.47740300071737
Bahia,Sergipe,85,-12.45234511713527,-41.72176450233577,-10.582666889769746,-37.44371522874432
Bahia,São Paulo,144,-12.45234511713527,-41.72176450233577,-22.250052902639116,-48.734659900719734
Bahia,Tocantins,4,-12.45234511713527,-41.72176450233577,-10.131696777104315,-48.330725819425574
Ceará,Alagoas,2,-5.089815983830066,-39.61608178595244,-9.513145847398288,-36.62481420015896
Ceará,Amapá,1,-5.089815983830066,-39.61608178595244,1.446579361967846,-51.96205349152536
Ceará,Amazonas,2,-5.089815983830066,-39.61608178595244,-4.140190123349732,-64.6516494903481
Ceará,Bahia,6,-5.089815983830066,-39.61608178595244,-12.45234511713527,-41.72176450233577
Ceará,Distrito Federal,1,-5.089815983830066,-39.61608178595244,-15.780989331973725,-47.79684222599829
Ceará,Espírito Santo,1,-5.089815983830066,-39.61608178595244,-19.56783026436436,-40.66688741798281
Ceará,Goiás,3,-5.089815983830066,-39.61608178595244,-16.021068269554988,-49.61616789197541
Ceará,Maranhão,14,-5.089815983830066,-39.61608178595244,-5.063473525889801,-45.286406362550146
Ceará,Mato Grosso,3,-5.089815983830066,-39.61608178595244,-12.916186132060574,-55.9149517572351
Ceará,Mato Grosso do Sul,1,-5.089815983830066,-39.61608178595244,-20.304769734215245,-54.84700428372272
Ceará,Minas Gerais,7,-5.089815983830066,-39.61608178595244,-18.42237047816257,-44.668033901736656
Ceará,Paraná,11,-5.089815983830066,-39.61608178595244,-24.624367999451334,-51.617875384343
Ceará,Paraíba,8,-5.089815983830066,-39.61608178595244,-7.12044513673908,-36.83247370477853
Ceará,Pernambuco,16,-5.089815983830066,-39.61608178595244,-8.324409775914233,-37.99762312297779
Ceará,Piauí,32,-5.089815983830066,-39.61608178595244,-7.378677773863817,-42.96696522142286
Ceará,Rio Grande do Norte,10,-5.089815983830066,-39.61608178595244,-5.839255494364668,-36.67326985918983
Ceará,Rio Grande do Sul,1,-5.089815983830066,-39.61608178595244,-29.678839629718627,-53.320051841053065
Ceará,Rio de Janeiro,7,-5.089815983830066,-39.61608178595244,-22.1927501263549,-42.66029361738904
Ceará,Santa Catarina,1,-5.089815983830066,-39.61608178595244,-27.240610757469174,-50.47740300071737
Ceará,São Paulo,52,-5.089815983830066,-39.61608178595244,-22.250052902639116,-48.734659900719734
Distrito Federal,Acre,1,-15.780989331973725,-47.79684222599829,-9.209710893485735,-70.47578331421067
Distrito Federal,Alagoas,1,-15.780989331973725,-47.79684222599829,-9.513145847398288,-36.62481420015896
Distrito Federal,Amapá,1,-15.780989331973725,-47.79684222599829,1.446579361967846,-51.96205349152536
Distrito Federal,Bahia,7,-15.780989331973725,-47.79684222599829,-12.45234511713527,-41.72176450233577
Distrito Federal,Ceará,1,-15.780989331973725,-47.79684222599829,-5.089815983830066,-39.61608178595244
Distrito Federal,Espírito Santo,1,-15.780989331973725,-47.79684222599829,-19.56783026436436,-40.66688741798281
Distrito Federal,Goiás,71,-15.780989331973725,-47.79684222599829,-16.021068269554988,-49.61616789197541
Distrito Federal,Maranhão,3,-15.780989331973725,-47.79684222599829,-5.063473525889801,-45.286406362550146
Distrito Federal,Mato Grosso,1,-15.780989331973725,-47.79684222599829,-12.916186132060574,-55.9149517572351
Distrito Federal,Mato Grosso do Sul,1,-15.780989331973725,-47.79684222599829,-20.304769734215245,-54.84700428372272
Distrito Federal,Minas Gerais,12,-15.780989331973725,-47.79684222599829,-18.42237047816257,-44.668033901736656
Distrito Federal,Paraná,2,-15.780989331973725,-47.79684222599829,-24.624367999451334,-51.617875384343
Distrito Federal,Pernambuco,6,-15.780989331973725,-47.79684222599829,-8.324409775914233,-37.99762312297779
Distrito Federal,Piauí,3,-15.780989331973725,-47.79684222599829,-7.378677773863817,-42.96696522142286
Distrito Federal,Rio Grande do Norte,2,-15.780989331973725,-47.79684222599829,-5.839255494364668,-36.67326985918983
Distrito Federal,Rio de Janeiro,3,-15.780989331973725,-47.79684222599829,-22.1927501263549,-42.66029361738904
Distrito Federal,Santa Catarina,1,-15.780989331973725,-47.79684222599829,-27.240610757469174,-50.47740300071737
Distrito Federal,São Paulo,41,-15.780989331973725,-47.79684222599829,-22.250052902639116,-48.734659900719734
Distrito Federal,Tocantins,2,-15.780989331973725,-47.79684222599829,-10.131696777104315,-48.330725819425574
Espírito Santo,Amazonas,2,-19.56783026436436,-40.66688741798281,-4.140190123349732,-64.6516494903481
Espírito Santo,Bahia,14,-19.56783026436436,-40.66688741798281,-12.45234511713527,-41.72176450233577
Espírito Santo,Distrito Federal,1,-19.56783026436436,-40.66688741798281,-15.780989331973725,-47.79684222599829
Espírito Santo,Goiás,3,-19.56783026436436,-40.66688741798281,-16.021068269554988,-49.61616789197541
Espírito Santo,Minas Gerais,142,-19.56783026436436,-40.66688741798281,-18.42237047816257,-44.668033901736656
Espírito Santo,Paraná,6,-19.56783026436436,-40.66688741798281,-24.624367999451334,-51.617875384343
Espírito Santo,Pernambuco,5,-19.56783026436436,-40.66688741798281,-8.324409775914233,-37.99762312297779
Espírito Santo,Rio Grande do Norte,1,-19.56783026436436,-40.66688741798281,-5.839255494364668,-36.67326985918983
Espírito Santo,Rio Grande do Sul,1,-19.56783026436436,-40.66688741798281,-29.678839629718627,-53.320051841053065
Espírito Santo,Rio de Janeiro,64,-19.56783026436436,-40.66688741798281,-22.1927501263549,-42.66029361738904
Espírito Santo,Santa Catarina,2,-19.56783026436436,-40.66688741798281,-27.240610757469174,-50.47740300071737
Espírito Santo,São Paulo,48,-19.56783026436436,-40.66688741798281,-22.250052902639116,-48.734659900719734
Goiás,Acre,1,-16.021068269554988,-49.61616789197541,-9.209710893485735,-70.47578331421067
Goiás,Alagoas,2,-16.021068269554988,-49.61616789197541,-9.513145847398288,-36.62481420015896
Goiás,Amapá,1,-16.021068269554988,-49.61616789197541,1.446579361967846,-51.96205349152536
Goiás,Bahia,9,-16.021068269554988,-49.61616789197541,-12.45234511713527,-41.72176450233577
Goiás,Ceará,4,-16.021068269554988,-49.61616789197541,-5.089815983830066,-39.61608178595244
Goiás,Distrito Federal,2937,-16.021068269554988,-49.61616789197541,-15.780989331973725,-47.79684222599829
Goiás,Espírito Santo,1,-16.021068269554988,-49.61616789197541,-19.56783026436436,-40.66688741798281
Goiás,Maranhão,2,-16.021068269554988,-49.61616789197541,-5.063473525889801,-45.286406362550146
Goiás,Mato Grosso,51,-16.021068269554988,-49.61616789197541,-12.916186132060574,-55.9149517572351
Goiás,Mato Grosso do Sul,6,-16.021068269554988,-49.61616789197541,-20.304769734215245,-54.84700428372272
Goiás,Minas Gerais,21,-16.021068269554988,-49.61616789197541,-18.42237047816257,-44.668033901736656
Goiás,Paraná,18,-16.021068269554988,-49.61616789197541,-24.624367999451334,-51.617875384343
Goiás,Paraíba,1,-16.021068269554988,-49.61616789197541,-7.12044513673908,-36.83247370477853
Goiás,Pará,3,-16.021068269554988,-49.61616789197541,-3.96360452999938,-53.07098190581554
Goiás,Pernambuco,4,-16.021068269554988,-49.61616789197541,-8.324409775914233,-37.99762312297779
Goiás,Rio Grande do Sul,1,-16.021068269554988,-49.61616789197541,-29.678839629718627,-53.320051841053065
Goiás,Rio de Janeiro,2,-16.021068269554988,-49.61616789197541,-22.1927501263549,-42.66029361738904
Goiás,Rondônia,2,-16.021068269554988,-49.61616789197541,-10.90442312825415,-62.84474092395724
Goiás,Santa Catarina,4,-16.021068269554988,-49.61616789197541,-27.240610757469174,-50.47740300071737
Goiás,São Paulo,159,-16.021068269554988,-49.61616789197541,-22.250052902639116,-48.734659900719734
Goiás,Tocantins,18,-16.021068269554988,-49.61616789197541,-10.131696777104315,-48.330725819425574
Maranhão,Amapá,1,-5.063473525889801,-45.286406362550146,1.446579361967846,-51.96205349152536
Maranhão,Amazonas,1,-5.063473525889801,-45.286406362550146,-4.140190123349732,-64.6516494903481
Maranhão,Bahia,9,-5.063473525889801,-45.286406362550146,-12.45234511713527,-41.72176450233577
Maranhão,Ceará,7,-5.063473525889801,-45.286406362550146,-5.089815983830066,-39.61608178595244
Maranhão,Distrito Federal,3,-5.063473525889801,-45.286406362550146,-15.780989331973725,-47.79684222599829
Maranhão,Espírito Santo,1,-5.063473525889801,-45.286406362550146,-19.56783026436436,-40.66688741798281
Maranhão,Goiás,10,-5.063473525889801,-45.286406362550146,-16.021068269554988,-49.61616789197541
Maranhão,Mato Grosso,22,-5.063473525889801,-45.286406362550146,-12.916186132060574,-55.9149517572351
Maranhão,Mato Grosso do Sul,3,-5.063473525889801,-45.286406362550146,-20.304769734215245,-54.84700428372272
Maranhão,Minas Gerais,7,-5.063473525889801,-45.286406362550146,-18.42237047816257,-44.668033901736656
Maranhão,Paraná,3,-5.063473525889801,-45.286406362550146,-24.624367999451334,-51.617875384343
Maranhão,Paraíba,4,-5.063473525889801,-45.286406362550146,-7.12044513673908,-36.83247370477853
Maranhão,Pará,10,-5.063473525889801,-45.286406362550146,-3.96360452999938,-53.07098190581554
Maranhão,Pernambuco,39,-5.063473525889801,-45.286406362550146,-8.324409775914233,-37.99762312297779
Maranhão,Piauí,313,-5.063473525889801,-45.286406362550146,-7.378677773863817,-42.96696522142286
Maranhão,Rio Grande do Sul,3,-5.063473525889801,-45.286406362550146,-29.678839629718627,-53.320051841053065
Maranhão,Rio de Janeiro,7,-5.063473525889801,-45.286406362550146,-22.1927501263549,-42.66029361738904
Maranhão,Roraima,2,-5.063473525889801,-45.286406362550146,2.0807402503971426,-61.39173494334764
Maranhão,São Paulo,34,-5.063473525889801,-45.286406362550146,-22.250052902639116,-48.734659900719734
Maranhão,Tocantins,16,-5.063473525889801,-45.286406362550146,-10.131696777104315,-48.330725819425574
Mato Grosso,Alagoas,1,-12.916186132060574,-55.9149517572351,-9.513145847398288,-36.62481420015896
Mato Grosso,Amapá,1,-12.916186132060574,-55.9149517572351,1.446579361967846,-51.96205349152536
Mato Grosso,Bahia,2,-12.916186132060574,-55.9149517572351,-12.45234511713527,-41.72176450233577
Mato Grosso,Distrito Federal,4,-12.916186132060574,-55.9149517572351,-15.780989331973725,-47.79684222599829
Mato Grosso,Goiás,30,-12.916186132060574,-55.9149517572351,-16.021068269554988,-49.61616789197541
Mato Grosso,Maranhão,4,-12.916186132060574,-55.9149517572351,-5.063473525889801,-45.286406362550146
Mato Grosso,Mato Grosso do Sul,14,-12.916186132060574,-55.9149517572351,-20.304769734215245,-54.84700428372272
Mato Grosso,Minas Gerais,2,-12.916186132060574,-55.9149517572351,-18.42237047816257,-44.668033901736656
Mato Grosso,Paraná,23,-12.916186132060574,-55.9149517572351,-24.624367999451334,-51.617875384343
Mato Grosso,Pará,13,-12.916186132060574,-55.9149517572351,-3.96360452999938,-53.07098190581554
Mato Grosso,Piauí,1,-12.916186132060574,-55.9149517572351,-7.378677773863817,-42.96696522142286
Mato Grosso,Rio de Janeiro,1,-12.916186132060574,-55.9149517572351,-22.1927501263549,-42.66029361738904
Mato Grosso,Rondônia,23,-12.916186132060574,-55.9149517572351,-10.90442312825415,-62.84474092395724
Mato Grosso,Santa Catarina,5,-12.916186132060574,-55.9149517572351,-27.240610757469174,-50.47740300071737
Mato Grosso,São Paulo,177,-12.916186132060574,-55.9149517572351,-22.250052902639116,-48.734659900719734
Mato Grosso,Tocantins,2,-12.916186132060574,-55.9149517572351,-10.131696777104315,-48.330725819425574
Mato Grosso do Sul,Bahia,2,-20.304769734215245,-54.84700428372272,-12.45234511713527,-41.72176450233577
Mato Grosso do Sul,Espírito Santo,1,-20.304769734215245,-54.84700428372272,-19.56783026436436,-40.66688741798281
Mato Grosso do Sul,Goiás,7,-20.304769734215245,-54.84700428372272,-16.021068269554988,-49.61616789197541
Mato Grosso do Sul,Mato Grosso,14,-20.304769734215245,-54.84700428372272,-12.916186132060574,-55.9149517572351
Mato Grosso do Sul,Minas Gerais,7,-20.304769734215245,-54.84700428372272,-18.42237047816257,-44.668033901736656
Mato Grosso do Sul,Paraná,108,-20.304769734215245,-54.84700428372272,-24.624367999451334,-51.617875384343
Mato Grosso do Sul,Paraíba,1,-20.304769734215245,-54.84700428372272,-7.12044513673908,-36.83247370477853
Mato Grosso do Sul,Pará,1,-20.304769734215245,-54.84700428372272,-3.96360452999938,-53.07098190581554
Mato Grosso do Sul,Pernambuco,5,-20.304769734215245,-54.84700428372272,-8.324409775914233,-37.99762312297779
Mato Grosso do Sul,Rio Grande do Sul,5,-20.304769734215245,-54.84700428372272,-29.678839629718627,-53.320051841053065
Mato Grosso do Sul,Rio de Janeiro,1,-20.304769734215245,-54.84700428372272,-22.1927501263549,-42.66029361738904
Mato Grosso do Sul,Rondônia,2,-20.304769734215245,-54.84700428372272,-10.90442312825415,-62.84474092395724
Mato Grosso do Sul,Santa Catarina,6,-20.304769734215245,-54.84700428372272,-27.240610757469174,-50.47740300071737
Mato Grosso do Sul,Sergipe,1,-20.304769734215245,-54.84700428372272,-10.582666889769746,-37.44371522874432
Mato Grosso do Sul,São Paulo,184,-20.304769734215245,-54.84700428372272,-22.250052902639116,-48.734659900719734
Minas Gerais,Acre,1,-18.42237047816257,-44.668033901736656,-9.209710893485735,-70.47578331421067
Minas Gerais,Alagoas,2,-18.42237047816257,-44.668033901736656,-9.513145847398288,-36.62481420015896
Minas Gerais,Amazonas,1,-18.42237047816257,-44.668033901736656,-4.140190123349732,-64.6516494903481
Minas Gerais,Bahia,35,-18.42237047816257,-44.668033901736656,-12.45234511713527,-41.72176450233577
Minas Gerais,Ceará,4,-18.42237047816257,-44.668033901736656,-5.089815983830066,-39.61608178595244
Minas Gerais,Distrito Federal,80,-18.42237047816257,-44.668033901736656,-15.780989331973725,-47.79684222599829
Minas Gerais,Espírito Santo,105,-18.42237047816257,-44.668033901736656,-19.56783026436436,-40.66688741798281
Minas Gerais,Goiás,33,-18.42237047816257,-44.668033901736656,-16.021068269554988,-49.61616789197541
Minas Gerais,Maranhão,2,-18.42237047816257,-44.668033901736656,-5.063473525889801,-45.286406362550146
Minas Gerais,Mato Grosso,8,-18.42237047816257,-44.668033901736656,-12.916186132060574,-55.9149517572351
Minas Gerais,Mato Grosso do Sul,3,-18.42237047816257,-44.668033901736656,-20.304769734215245,-54.84700428372272
Minas Gerais,Paraná,16,-18.42237047816257,-44.668033901736656,-24.624367999451334,-51.617875384343
Minas Gerais,Paraíba,6,-18.42237047816257,-44.668033901736656,-7.12044513673908,-36.83247370477853
Minas Gerais,Pará,6,-18.42237047816257,-44.668033901736656,-3.96360452999938,-53.07098190581554
Minas Gerais,Pernambuco,11,-18.42237047816257,-44.668033901736656,-8.324409775914233,-37.99762312297779
Minas Gerais,Piauí,4,-18.42237047816257,-44.668033901736656,-7.378677773863817,-42.96696522142286
Minas Gerais,Rio Grande do Norte,1,-18.42237047816257,-44.668033901736656,-5.839255494364668,-36.67326985918983
Minas Gerais,Rio Grande do Sul,1,-18.42237047816257,-44.668033901736656,-29.678839629718627,-53.320051841053065
Minas Gerais,Rio de Janeiro,48,-18.42237047816257,-44.668033901736656,-22.1927501263549,-42.66029361738904
Minas Gerais,Rondônia,2,-18.42237047816257,-44.668033901736656,-10.90442312825415,-62.84474092395724
Minas Gerais,Santa Catarina,10,-18.42237047816257,-44.668033901736656,-27.240610757469174,-50.47740300071737
Minas Gerais,Sergipe,1,-18.42237047816257,-44.668033901736656,-10.582666889769746,-37.44371522874432
Minas Gerais,São Paulo,508,-18.42237047816257,-44.668033901736656,-22.250052902639116,-48.734659900719734
Minas Gerais,Tocantins,1,-18.42237047816257,-44.668033901736656,-10.131696777104315,-48.330725819425574
Paraná,Alagoas,2,-24.624367999451334,-51.617875384343,-9.513145847398288,-36.62481420015896
Paraná,Amapá,3,-24.624367999451334,-51.617875384343,1.446579361967846,-51.96205349152536
Paraná,Amazonas,1,-24.624367999451334,-51.617875384343,-4.140190123349732,-64.6516494903481
Paraná,Bahia,1,-24.624367999451334,-51.617875384343,-12.45234511713527,-41.72176450233577
Paraná,Ceará,4,-24.624367999451334,-51.617875384343,-5.089815983830066,-39.61608178595244
Paraná,Distrito Federal,3,-24.624367999451334,-51.617875384343,-15.780989331973725,-47.79684222599829
Paraná,Espírito Santo,11,-24.624367999451334,-51.617875384343,-19.56783026436436,-40.66688741798281
Paraná,Goiás,3,-24.624367999451334,-51.617875384343,-16.021068269554988,-49.61616789197541
Paraná,Mato Grosso,26,-24.624367999451334,-51.617875384343,-12.916186132060574,-55.9149517572351
Paraná,Mato Grosso do Sul,18,-24.624367999451334,-51.617875384343,-20.304769734215245,-54.84700428372272
Paraná,Minas Gerais,21,-24.624367999451334,-51.617875384343,-18.42237047816257,-44.668033901736656
Paraná,Paraíba,4,-24.624367999451334,-51.617875384343,-7.12044513673908,-36.83247370477853
Paraná,Pará,7,-24.624367999451334,-51.617875384343,-3.96360452999938,-53.07098190581554
Paraná,Pernambuco,7,-24.624367999451334,-51.617875384343,-8.324409775914233,-37.99762312297779
Paraná,Piauí,1,-24.624367999451334,-51.617875384343,-7.378677773863817,-42.96696522142286
Paraná,Rio Grande do Sul,12,-24.624367999451334,-51.617875384343,-29.678839629718627,-53.320051841053065
Paraná,Rio de Janeiro,7,-24.624367999451334,-51.617875384343,-22.1927501263549,-42.66029361738904
Paraná,Rondônia,4,-24.624367999451334,-51.617875384343,-10.90442312825415,-62.84474092395724
Paraná,Santa Catarina,253,-24.624367999451334,-51.617875384343,-27.240610757469174,-50.47740300071737
Paraná,Sergipe,2,-24.624367999451334,-51.617875384343,-10.582666889769746,-37.44371522874432
Paraná,São Paulo,61,-24.624367999451334,-51.617875384343,-22.250052902639116,-48.734659900719734
Paraíba,Amapá,3,-7.12044513673908,-36.83247370477853,1.446579361967846,-51.96205349152536
Paraíba,Bahia,2,-7.12044513673908,-36.83247370477853,-12.45234511713527,-41.72176450233577
Paraíba,Ceará,15,-7.12044513673908,-36.83247370477853,-5.089815983830066,-39.61608178595244
Paraíba,Goiás,2,-7.12044513673908,-36.83247370477853,-16.021068269554988,-49.61616789197541
Paraíba,Maranhão,4,-7.12044513673908,-36.83247370477853,-5.063473525889801,-45.286406362550146
Paraíba,Mato Grosso,3,-7.12044513673908,-36.83247370477853,-12.916186132060574,-55.9149517572351
Paraíba,Minas Gerais,6,-7.12044513673908,-36.83247370477853,-18.42237047816257,-44.668033901736656
Paraíba,Paraná,5,-7.12044513673908,-36.83247370477853,-24.624367999451334,-51.617875384343
Paraíba,Pernambuco,188,-7.12044513673908,-36.83247370477853,-8.324409775914233,-37.99762312297779
Paraíba,Rio Grande do Norte,22,-7.12044513673908,-36.83247370477853,-5.839255494364668,-36.67326985918983
Paraíba,Rio Grande do Sul,4,-7.12044513673908,-36.83247370477853,-29.678839629718627,-53.320051841053065
Paraíba,Rio de Janeiro,12,-7.12044513673908,-36.83247370477853,-22.1927501263549,-42.66029361738904
Paraíba,Sergipe,1,-7.12044513673908,-36.83247370477853,-10.582666889769746,-37.44371522874432
Paraíba,São Paulo,8,-7.12044513673908,-36.83247370477853,-22.250052902639116,-48.734659900719734
Pará,Amapá,179,-3.96360452999938,-53.07098190581554,1.446579361967846,-51.96205349152536
Pará,Amazonas,32,-3.96360452999938,-53.07098190581554,-4.140190123349732,-64.6516494903481
Pará,Ceará,3,-3.96360452999938,-53.07098190581554,-5.089815983830066,-39.61608178595244
Pará,Distrito Federal,4,-3.96360452999938,-53.07098190581554,-15.780989331973725,-47.79684222599829
Pará,Goiás,17,-3.96360452999938,-53.07098190581554,-16.021068269554988,-49.61616789197541
Pará,Maranhão,17,-3.96360452999938,-53.07098190581554,-5.063473525889801,-45.286406362550146
Pará,Mato Grosso,38,-3.96360452999938,-53.07098190581554,-12.916186132060574,-55.9149517572351
Pará,Minas Gerais,6,-3.96360452999938,-53.07098190581554,-18.42237047816257,-44.668033901736656
Pará,Paraná,3,-3.96360452999938,-53.07098190581554,-24.624367999451334,-51.617875384343
Pará,Paraíba,1,-3.96360452999938,-53.07098190581554,-7.12044513673908,-36.83247370477853
Pará,Pernambuco,3,-3.96360452999938,-53.07098190581554,-8.324409775914233,-37.99762312297779
Pará,Piauí,5,-3.96360452999938,-53.07098190581554,-7.378677773863817,-42.96696522142286
Pará,Rio Grande do Norte,1,-3.96360452999938,-53.07098190581554,-5.839255494364668,-36.67326985918983
Pará,Rio Grande do Sul,2,-3.96360452999938,-53.07098190581554,-29.678839629718627,-53.320051841053065
Pará,Rio de Janeiro,1,-3.96360452999938,-53.07098190581554,-22.1927501263549,-42.66029361738904
Pará,Rondônia,5,-3.96360452999938,-53.07098190581554,-10.90442312825415,-62.84474092395724
Pará,Santa Catarina,5,-3.96360452999938,-53.07098190581554,-27.240610757469174,-50.47740300071737
Pará,São Paulo,65,-3.96360452999938,-53.07098190581554,-22.250052902639116,-48.734659900719734
Pará,Tocantins,31,-3.96360452999938,-53.07098190581554,-10.131696777104315,-48.330725819425574
Pernambuco,Alagoas,12,-8.324409775914233,-37.99762312297779,-9.513145847398288,-36.62481420015896
Pernambuco,Amapá,16,-8.324409775914233,-37.99762312297779,1.446579361967846,-51.96205349152536
Pernambuco,Bahia,192,-8.324409775914233,-37.99762312297779,-12.45234511713527,-41.72176450233577
Pernambuco,Ceará,39,-8.324409775914233,-37.99762312297779,-5.089815983830066,-39.61608178595244
Pernambuco,Goiás,2,-8.324409775914233,-37.99762312297779,-16.021068269554988,-49.61616789197541
Pernambuco,Maranhão,1,-8.324409775914233,-37.99762312297779,-5.063473525889801,-45.286406362550146
Pernambuco,Mato Grosso,4,-8.324409775914233,-37.99762312297779,-12.916186132060574,-55.9149517572351
Pernambuco,Mato Grosso do Sul,1,-8.324409775914233,-37.99762312297779,-20.304769734215245,-54.84700428372272
Pernambuco,Minas Gerais,14,-8.324409775914233,-37.99762312297779,-18.42237047816257,-44.668033901736656
Pernambuco,Paraná,3,-8.324409775914233,-37.99762312297779,-24.624367999451334,-51.617875384343
Pernambuco,Paraíba,46,-8.324409775914233,-37.99762312297779,-7.12044513673908,-36.83247370477853
Pernambuco,Pará,3,-8.324409775914233,-37.99762312297779,-3.96360452999938,-53.07098190581554
Pernambuco,Piauí,3,-8.324409775914233,-37.99762312297779,-7.378677773863817,-42.96696522142286
Pernambuco,Rio Grande do Norte,3,-8.324409775914233,-37.99762312297779,-5.839255494364668,-36.67326985918983
Pernambuco,Rio Grande do Sul,9,-8.324409775914233,-37.99762312297779,-29.678839629718627,-53.320051841053065
Pernambuco,Rio de Janeiro,2,-8.324409775914233,-37.99762312297779,-22.1927501263549,-42.66029361738904
Pernambuco,Santa Catarina,3,-8.324409775914233,-37.99762312297779,-27.240610757469174,-50.47740300071737
Pernambuco,São Paulo,11,-8.324409775914233,-37.99762312297779,-22.250052902639116,-48.734659900719734
Piauí,Alagoas,1,-7.378677773863817,-42.96696522142286,-9.513145847398288,-36.62481420015896
Piauí,Bahia,8,-7.378677773863817,-42.96696522142286,-12.45234511713527,-41.72176450233577
Piauí,Ceará,13,-7.378677773863817,-42.96696522142286,-5.089815983830066,-39.61608178595244
Piauí,Distrito Federal,3,-7.378677773863817,-42.96696522142286,-15.780989331973725,-47.79684222599829
Piauí,Goiás,4,-7.378677773863817,-42.96696522142286,-16.021068269554988,-49.61616789197541
Piauí,Maranhão,22,-7.378677773863817,-42.96696522142286,-5.063473525889801,-45.286406362550146
Piauí,Mato Grosso,3,-7.378677773863817,-42.96696522142286,-12.916186132060574,-55.9149517572351
Piauí,Minas Gerais,2,-7.378677773863817,-42.96696522142286,-18.42237047816257,-44.668033901736656
Piauí,Paraná,1,-7.378677773863817,-42.96696522142286,-24.624367999451334,-51.617875384343
Piauí,Pará,2,-7.378677773863817,-42.96696522142286,-3.96360452999938,-53.07098190581554
Piauí,Pernambuco,61,-7.378677773863817,-42.96696522142286,-8.324409775914233,-37.99762312297779
Piauí,Rio Grande do Sul,11,-7.378677773863817,-42.96696522142286,-29.678839629718627,-53.320051841053065
Piauí,Rio de Janeiro,2,-7.378677773863817,-42.96696522142286,-22.1927501263549,-42.66029361738904
Piauí,Rondônia,1,-7.378677773863817,-42.96696522142286,-10.90442312825415,-62.84474092395724
Piauí,Santa Catarina,1,-7.378677773863817,-42.96696522142286,-27.240610757469174,-50.47740300071737
Piauí,São Paulo,40,-7.378677773863817,-42.96696522142286,-22.250052902639116,-48.734659900719734
Rio Grande do Norte,Alagoas,1,-5.839255494364668,-36.67326985918983,-9.513145847398288,-36.62481420015896
Rio Grande do Norte,Bahia,3,-5.839255494364668,-36.67326985918983,-12.45234511713527,-41.72176450233577
Rio Grande do Norte,Ceará,17,-5.839255494364668,-36.67326985918983,-5.089815983830066,-39.61608178595244
Rio Grande do Norte,Distrito Federal,3,-5.839255494364668,-36.67326985918983,-15.780989331973725,-47.79684222599829
Rio Grande do Norte,Espírito Santo,6,-5.839255494364668,-36.67326985918983,-19.56783026436436,-40.66688741798281
Rio Grande do Norte,Goiás,1,-5.839255494364668,-36.67326985918983,-16.021068269554988,-49.61616789197541
Rio Grande do Norte,Mato Grosso,1,-5.839255494364668,-36.67326985918983,-12.916186132060574,-55.9149517572351
Rio Grande do Norte,Mato Grosso do Sul,12,-5.839255494364668,-36.67326985918983,-20.304769734215245,-54.84700428372272
Rio Grande do Norte,Minas Gerais,7,-5.839255494364668,-36.67326985918983,-18.42237047816257,-44.668033901736656
Rio Grande do Norte,Paraná,1,-5.839255494364668,-36.67326985918983,-24.624367999451334,-51.617875384343
Rio Grande do Norte,Paraíba,11,-5.839255494364668,-36.67326985918983,-7.12044513673908,-36.83247370477853
Rio Grande do Norte,Pará,1,-5.839255494364668,-36.67326985918983,-3.96360452999938,-53.07098190581554
Rio Grande do Norte,Pernambuco,6,-5.839255494364668,-36.67326985918983,-8.324409775914233,-37.99762312297779
Rio Grande do Norte,Rio de Janeiro,3,-5.839255494364668,-36.67326985918983,-22.1927501263549,-42.66029361738904
Rio Grande do Norte,Rondônia,1,-5.839255494364668,-36.67326985918983,-10.90442312825415,-62.84474092395724
Rio Grande do Norte,Santa Catarina,1,-5.839255494364668,-36.67326985918983,-27.240610757469174,-50.47740300071737
Rio Grande do Norte,São Paulo,5,-5.839255494364668,-36.67326985918983,-22.250052902639116,-48.734659900719734
Rio Grande do Sul,Alagoas,1,-29.678839629718627,-53.320051841053065,-9.513145847398288,-36.62481420015896
Rio Grande do Sul,Amazonas,2,-29.678839629718627,-53.320051841053065,-4.140190123349732,-64.6516494903481
Rio Grande do Sul,Bahia,5,-29.678839629718627,-53.320051841053065,-12.45234511713527,-41.72176450233577
Rio Grande do Sul,Distrito Federal,1,-29.678839629718627,-53.320051841053065,-15.780989331973725,-47.79684222599829
Rio Grande do Sul,Espírito Santo,5,-29.678839629718627,-53.320051841053065,-19.56783026436436,-40.66688741798281
Rio Grande do Sul,Goiás,3,-29.678839629718627,-53.320051841053065,-16.021068269554988,-49.61616789197541
Rio Grande do Sul,Maranhão,1,-29.678839629718627,-53.320051841053065,-5.063473525889801,-45.286406362550146
Rio Grande do Sul,Mato Grosso,12,-29.678839629718627,-53.320051841053065,-12.916186132060574,-55.9149517572351
Rio Grande do Sul,Mato Grosso do Sul,5,-29.678839629718627,-53.320051841053065,-20.304769734215245,-54.84700428372272
Rio Grande do Sul,Minas Gerais,6,-29.678839629718627,-53.320051841053065,-18.42237047816257,-44.668033901736656
Rio Grande do Sul,Paraná,34,-29.678839629718627,-53.320051841053065,-24.624367999451334,-51.617875384343
Rio Grande do Sul,Paraíba,2,-29.678839629718627,-53.320051841053065,-7.12044513673908,-36.83247370477853
Rio Grande do Sul,Pará,2,-29.678839629718627,-53.320051841053065,-3.96360452999938,-53.07098190581554
Rio Grande do Sul,Pernambuco,10,-29.678839629718627,-53.320051841053065,-8.324409775914233,-37.99762312297779
Rio Grande do Sul,Piauí,2,-29.678839629718627,-53.320051841053065,-7.378677773863817,-42.96696522142286
Rio Grande do Sul,Rio de Janeiro,4,-29.678839629718627,-53.320051841053065,-22.1927501263549,-42.66029361738904
Rio Grande do Sul,Rondônia,2,-29.678839629718627,-53.320051841053065,-10.90442312825415,-62.84474092395724
Rio Grande do Sul,Santa Catarina,121,-29.678839629718627,-53.320051841053065,-27.240610757469174,-50.47740300071737
Rio Grande do Sul,Sergipe,1,-29.678839629718627,-53.320051841053065,-10.582666889769746,-37.44371522874432
Rio Grande do Sul,São Paulo,10,-29.678839629718627,-53.320051841053065,-22.250052902639116,-48.734659900719734
Rio Grande do Sul,Tocantins,1,-29.678839629718627,-53.320051841053065,-10.131696777104315,-48.330725819425574
Rio de Janeiro,Alagoas,2,-22.1927501263549,-42.66029361738904,-9.513145847398288,-36.62481420015896
Rio de Janeiro,Amapá,1,-22.1927501263549,-42.66029361738904,1.446579361967846,-51.96205349152536
Rio de Janeiro,Bahia,4,-22.1927501263549,-42.66029361738904,-12.45234511713527,-41.72176450233577
Rio de Janeiro,Ceará,2,-22.1927501263549,-42.66029361738904,-5.089815983830066,-39.61608178595244
Rio de Janeiro,Distrito Federal,3,-22.1927501263549,-42.66029361738904,-15.780989331973725,-47.79684222599829
Rio de Janeiro,Espírito Santo,27,-22.1927501263549,-42.66029361738904,-19.56783026436436,-40.66688741798281
Rio de Janeiro,Goiás,3,-22.1927501263549,-42.66029361738904,-16.021068269554988,-49.61616789197541
Rio de Janeiro,Maranhão,1,-22.1927501263549,-42.66029361738904,-5.063473525889801,-45.286406362550146
Rio de Janeiro,Mato Grosso,1,-22.1927501263549,-42.66029361738904,-12.916186132060574,-55.9149517572351
Rio de Janeiro,Mato Grosso do Sul,2,-22.1927501263549,-42.66029361738904,-20.304769734215245,-54.84700428372272
Rio de Janeiro,Minas Gerais,86,-22.1927501263549,-42.66029361738904,-18.42237047816257,-44.668033901736656
Rio de Janeiro,Paraná,5,-22.1927501263549,-42.66029361738904,-24.624367999451334,-51.617875384343
Rio de Janeiro,Paraíba,6,-22.1927501263549,-42.66029361738904,-7.12044513673908,-36.83247370477853
Rio de Janeiro,Pernambuco,8,-22.1927501263549,-42.66029361738904,-8.324409775914233,-37.99762312297779
Rio de Janeiro,Piauí,1,-22.1927501263549,-42.66029361738904,-7.378677773863817,-42.96696522142286
Rio de Janeiro,Rio Grande do Sul,5,-22.1927501263549,-42.66029361738904,-29.678839629718627,-53.320051841053065
Rio de Janeiro,Santa Catarina,3,-22.1927501263549,-42.66029361738904,-27.240610757469174,-50.47740300071737
Rio de Janeiro,Sergipe,1,-22.1927501263549,-42.66029361738904,-10.582666889769746,-37.44371522874432
Rio de Janeiro,São Paulo,53,-22.1927501263549,-42.66029361738904,-22.250052902639116,-48.734659900719734
Rondônia,Acre,26,-10.90442312825415,-62.84474092395724,-9.209710893485735,-70.47578331421067
Rondônia,Amazonas,5,-10.90442312825415,-62.84474092395724,-4.140190123349732,-64.6516494903481
Rondônia,Goiás,5,-10.90442312825415,-62.84474092395724,-16.021068269554988,-49.61616789197541
Rondônia,Maranhão,1,-10.90442312825415,-62.84474092395724,-5.063473525889801,-45.286406362550146
Rondônia,Mato Grosso,24,-10.90442312825415,-62.84474092395724,-12.916186132060574,-55.9149517572351
Rondônia,Mato Grosso do Sul,3,-10.90442312825415,-62.84474092395724,-20.304769734215245,-54.84700428372272
Rondônia,Minas Gerais,6,-10.90442312825415,-62.84474092395724,-18.42237047816257,-44.668033901736656
Rondônia,Paraná,12,-10.90442312825415,-62.84474092395724,-24.624367999451334,-51.617875384343
Rondônia,Paraíba,1,-10.90442312825415,-62.84474092395724,-7.12044513673908,-36.83247370477853
Rondônia,Pará,2,-10.90442312825415,-62.84474092395724,-3.96360452999938,-53.07098190581554
Rondônia,Pernambuco,2,-10.90442312825415,-62.84474092395724,-8.324409775914233,-37.99762312297779
Rondônia,Rio Grande do Sul,9,-10.90442312825415,-62.84474092395724,-29.678839629718627,-53.320051841053065
Rondônia,Rio de Janeiro,2,-10.90442312825415,-62.84474092395724,-22.1927501263549,-42.66029361738904
Rondônia,Santa Catarina,1,-10.90442312825415,-62.84474092395724,-27.240610757469174,-50.47740300071737
Rondônia,São Paulo,21,-10.90442312825415,-62.84474092395724,-22.250052902639116,-48.734659900719734
Rondônia,Tocantins,1,-10.90442312825415,-62.84474092395724,-10.131696777104315,-48.330725819425574
Roraima,Amazonas,10,2.0807402503971426,-61.39173494334764,-4.140190123349732,-64.6516494903481
Roraima,Distrito Federal,4,2.0807402503971426,-61.39173494334764,-15.780989331973725,-47.79684222599829
Roraima,Maranhão,4,2.0807402503971426,-61.39173494334764,-5.063473525889801,-45.286406362550146
Roraima,Mato Grosso,10,2.0807402503971426,-61.39173494334764,-12.916186132060574,-55.9149517572351
Roraima,Minas Gerais,2,2.0807402503971426,-61.39173494334764,-18.42237047816257,-44.668033901736656
Roraima,Paraná,2,2.0807402503971426,-61.39173494334764,-24.624367999451334,-51.617875384343
Roraima,Pernambuco,2,2.0807402503971426,-61.39173494334764,-8.324409775914233,-37.99762312297779
Roraima,Rio Grande do Sul,2,2.0807402503971426,-61.39173494334764,-29.678839629718627,-53.320051841053065
Roraima,Rio de Janeiro,1,2.0807402503971426,-61.39173494334764,-22.1927501263549,-42.66029361738904
Roraima,Rondônia,16,2.0807402503971426,-61.39173494334764,-10.90442312825415,-62.84474092395724
Roraima,Santa Catarina,1,2.0807402503971426,-61.39173494334764,-27.240610757469174,-50.47740300071737
Roraima,São Paulo,28,2.0807402503971426,-61.39173494334764,-22.250052902639116,-48.734659900719734
Santa Catarina,Alagoas,1,-27.240610757469174,-50.47740300071737,-9.513145847398288,-36.62481420015896
Santa Catarina,Amapá,2,-27.240610757469174,-50.47740300071737,1.446579361967846,-51.96205349152536
Santa Catarina,Bahia,5,-27.240610757469174,-50.47740300071737,-12.45234511713527,-41.72176450233577
Santa Catarina,Ceará,3,-27.240610757469174,-50.47740300071737,-5.089815983830066,-39.61608178595244
Santa Catarina,Distrito Federal,1,-27.240610757469174,-50.47740300071737,-15.780989331973725,-47.79684222599829
Santa Catarina,Espírito Santo,3,-27.240610757469174,-50.47740300071737,-19.56783026436436,-40.66688741798281
Santa Catarina,Goiás,4,-27.240610757469174,-50.47740300071737,-16.021068269554988,-49.61616789197541
Santa Catarina,Mato Grosso,7,-27.240610757469174,-50.47740300071737,-12.916186132060574,-55.9149517572351
Santa Catarina,Mato Grosso do Sul,8,-27.240610757469174,-50.47740300071737,-20.304769734215245,-54.84700428372272
Santa Catarina,Minas Gerais,14,-27.240610757469174,-50.47740300071737,-18.42237047816257,-44.668033901736656
Santa Catarina,Paraná,162,-27.240610757469174,-50.47740300071737,-24.624367999451334,-51.617875384343
Santa Catarina,Paraíba,2,-27.240610757469174,-50.47740300071737,-7.12044513673908,-36.83247370477853
Santa Catarina,Pará,3,-27.240610757469174,-50.47740300071737,-3.96360452999938,-53.07098190581554
Santa Catarina,Piauí,1,-27.240610757469174,-50.47740300071737,-7.378677773863817,-42.96696522142286
Santa Catarina,Rio Grande do Norte,1,-27.240610757469174,-50.47740300071737,-5.839255494364668,-36.67326985918983
Santa Catarina,Rio Grande do Sul,64,-27.240610757469174,-50.47740300071737,-29.678839629718627,-53.320051841053065
Santa Catarina,Rio de Janeiro,2,-27.240610757469174,-50.47740300071737,-22.1927501263549,-42.66029361738904
Santa Catarina,Rondônia,1,-27.240610757469174,-50.47740300071737,-10.90442312825415,-62.84474092395724
Santa Catarina,Sergipe,2,-27.240610757469174,-50.47740300071737,-10.582666889769746,-37.44371522874432
Santa Catarina,São Paulo,14,-27.240610757469174,-50.47740300071737,-22.250052902639116,-48.734659900719734
Sergipe,Alagoas,3,-10.582666889769746,-37.44371522874432,-9.513145847398288,-36.62481420015896
Sergipe,Amapá,2,-10.582666889769746,-37.44371522874432,1.446579361967846,-51.96205349152536
Sergipe,Bahia,3,-10.582666889769746,-37.44371522874432,-12.45234511713527,-41.72176450233577
Sergipe,Ceará,3,-10.582666889769746,-37.44371522874432,-5.089815983830066,-39.61608178595244
Sergipe,Distrito Federal,1,-10.582666889769746,-37.44371522874432,-15.780989331973725,-47.79684222599829
Sergipe,Espírito Santo,1,-10.582666889769746,-37.44371522874432,-19.56783026436436,-40.66688741798281
Sergipe,Goiás,2,-10.582666889769746,-37.44371522874432,-16.021068269554988,-49.61616789197541
Sergipe,Minas Gerais,3,-10.582666889769746,-37.44371522874432,-18.42237047816257,-44.668033901736656
Sergipe,Paraná,1,-10.582666889769746,-37.44371522874432,-24.624367999451334,-51.617875384343
Sergipe,Paraíba,1,-10.582666889769746,-37.44371522874432,-7.12044513673908,-36.83247370477853
Sergipe,Pernambuco,40,-10.582666889769746,-37.44371522874432,-8.324409775914233,-37.99762312297779
Sergipe,Rio Grande do Norte,2,-10.582666889769746,-37.44371522874432,-5.839255494364668,-36.67326985918983
Sergipe,São Paulo,52,-10.582666889769746,-37.44371522874432,-22.250052902639116,-48.734659900719734
São Paulo,Alagoas,2,-22.250052902639116,-48.734659900719734,-9.513145847398288,-36.62481420015896
São Paulo,Amazonas,10,-22.250052902639116,-48.734659900719734,-4.140190123349732,-64.6516494903481
São Paulo,Bahia,68,-22.250052902639116,-48.734659900719734,-12.45234511713527,-41.72176450233577
São Paulo,Ceará,16,-22.250052902639116,-48.734659900719734,-5.089815983830066,-39.61608178595244
São Paulo,Distrito Federal,11,-22.250052902639116,-48.734659900719734,-15.780989331973725,-47.79684222599829
São Paulo,Espírito Santo,15,-22.250052902639116,-48.734659900719734,-19.56783026436436,-40.66688741798281
São Paulo,Goiás,22,-22.250052902639116,-48.734659900719734,-16.021068269554988,-49.61616789197541
São Paulo,Maranhão,5,-22.250052902639116,-48.734659900719734,-5.063473525889801,-45.286406362550146
São Paulo,Mato Grosso,24,-22.250052902639116,-48.734659900719734,-12.916186132060574,-55.9149517572351
São Paulo,Mato Grosso do Sul,29,-22.250052902639116,-48.734659900719734,-20.304769734215245,-54.84700428372272
São Paulo,Minas Gerais,216,-22.250052902639116,-48.734659900719734,-18.42237047816257,-44.668033901736656
São Paulo,Paraná,88,-22.250052902639116,-48.734659900719734,-24.624367999451334,-51.617875384343
São Paulo,Paraíba,7,-22.250052902639116,-48.734659900719734,-7.12044513673908,-36.83247370477853
São Paulo,Pará,5,-22.250052902639116,-48.734659900719734,-3.96360452999938,-53.07098190581554
São Paulo,Pernambuco,24,-22.250052902639116,-48.734659900719734,-8.324409775914233,-37.99762312297779
São Paulo,Piauí,6,-22.250052902639116,-48.734659900719734,-7.378677773863817,-42.96696522142286
São Paulo,Rio Grande do Norte,6,-22.250052902639116,-48.734659900719734,-5.839255494364668,-36.67326985918983
São Paulo,Rio Grande do Sul,9,-22.250052902639116,-48.734659900719734,-29.678839629718627,-53.320051841053065
São Paulo,Rio de Janeiro,49,-22.250052902639116,-48.734659900719734,-22.1927501263549,-42.66029361738904
São Paulo,Rondônia,2,-22.250052902639116,-48.734659900719734,-10.90442312825415,-62.84474092395724
São Paulo,Santa Catarina,16,-22.250052902639116,-48.734659900719734,-27.240610757469174,-50.47740300071737
São Paulo,Sergipe,5,-22.250052902639116,-48.734659900719734,-10.582666889769746,-37.44371522874432
São Paulo,Tocantins,2,-22.250052902639116,-48.734659900719734,-10.131696777104315,-48.330725819425574
Tocantins,Amazonas,1,-10.131696777104315,-48.330725819425574,-4.140190123349732,-64.6516494903481
Tocantins,Ceará,1,-10.131696777104315,-48.330725819425574,-5.089815983830066,-39.61608178595244
Tocantins,Distrito Federal,9,-10.131696777104315,-48.330725819425574,-15.780989331973725,-47.79684222599829
Tocantins,Goiás,25,-10.131696777104315,-48.330725819425574,-16.021068269554988,-49.61616789197541
Tocantins,Maranhão,20,-10.131696777104315,-48.330725819425574,-5.063473525889801,-45.286406362550146
Tocantins,Mato Grosso,46,-10.131696777104315,-48.330725819425574,-12.916186132060574,-55.9149517572351
Tocantins,Minas Gerais,4,-10.131696777104315,-48.330725819425574,-18.42237047816257,-44.668033901736656
Tocantins,Paraná,1,-10.131696777104315,-48.330725819425574,-24.624367999451334,-51.617875384343
Tocantins,Pará,19,-10.131696777104315,-48.330725819425574,-3.96360452999938,-53.07098190581554
Tocantins,Pernambuco,51,-10.131696777104315,-48.330725819425574,-8.324409775914233,-37.99762312297779
Tocantins,Piauí,1,-10.131696777104315,-48.330725819425574,-7.378677773863817,-42.96696522142286
Tocantins,Rio de Janeiro,2,-10.131696777104315,-48.330725819425574,-22.1927501263549,-42.66029361738904
Tocantins,São Paulo,55,-10.131696777104315,-48.330725819425574,-22.250052902639116,-48.734659900719734
